,urls
0,https://www.rightmove.co.uk/properties/145287122#/?channel=RES_LET
1,https://www.rightmove.co.uk/properties/86773656#/?channel=RES_LET
2,https://www.rightmove.co.uk/properties/86773653#/?channel=RES_LET
3,https://www.rightmove.co.uk/properties/86773530#/?channel=RES_LET
4,https://www.rightmove.co.uk/properties/145067288#/?channel=RES_LET
5,https://www.rightmove.co.uk/properties/142337693#/?channel=RES_LET
6,https://www.rightmove.co.uk/properties/86773599#/?channel=RES_LET
7,https://www.rightmove.co.uk/properties/86773578#/?channel=RES_LET
8,https://www.rightmove.co.uk/properties/86773584#/?channel=RES_LET
9,https://www.rightmove.co.uk/properties/86773569#/?channel=RES_LET
10,https://www.rightmove.co.uk/properties/86773575#/?channel=RES_LET
11,https://www.rightmove.co.uk/properties/86773344#/?channel=RES_LET
12,https://www.rightmove.co.uk/properties/86773458#/?channel=RES_LET
13,https://www.rightmove.co.uk/properties/144910625#/?channel=RES_LET
14,https://www.rightmove.co.uk/properties/86773410#/?channel=RES_LET
15,https://www.rightmove.co.uk/properties/86773407#/?channel=RES_LET
16,https://www.rightmove.co.uk/properties/86992904#/?channel=RES_LET
17,https://www.rightmove.co.uk/properties/100862099#/?channel=RES_LET
18,https://www.rightmove.co.uk/properties/86773347#/?channel=RES_LET
19,https://www.rightmove.co.uk/properties/86773326#/?channel=RES_LET
20,https://www.rightmove.co.uk/properties/86773332#/?channel=RES_LET
21,https://www.rightmove.co.uk/properties/86773284#/?channel=RES_LET
22,https://www.rightmove.co.uk/properties/144804668#/?channel=RES_LET
23,https://www.rightmove.co.uk/properties/86773260#/?channel=RES_LET
24,https://www.rightmove.co.uk/properties/143383451#/?channel=RES_LET
25,https://www.rightmove.co.uk/properties/144937565#/?channel=RES_LET
26,https://www.rightmove.co.uk/properties/86773227#/?channel=RES_LET
27,https://www.rightmove.co.uk/properties/86773221#/?channel=RES_LET
28,https://www.rightmove.co.uk/properties/86773209#/?channel=RES_LET
29,https://www.rightmove.co.uk/properties/143464538#/?channel=RES_LET
30,https://www.rightmove.co.uk/properties/144175694#/?channel=RES_LET
31,https://www.rightmove.co.uk/properties/86773173#/?channel=RES_LET
32,https://www.rightmove.co.uk/properties/86773176#/?channel=RES_LET
33,https://www.rightmove.co.uk/properties/86773155#/?channel=RES_LET
34,https://www.rightmove.co.uk/properties/86773134#/?channel=RES_LET
35,https://www.rightmove.co.uk/properties/145157792#/?channel=RES_LET
36,https://www.rightmove.co.uk/properties/86773044#/?channel=RES_LET
37,https://www.rightmove.co.uk/properties/69163728#/?channel=RES_LET
38,https://www.rightmove.co.uk/properties/86773002#/?channel=RES_LET
39,https://www.rightmove.co.uk/properties/143961956#/?channel=RES_LET
40,https://www.rightmove.co.uk/properties/86772996#/?channel=RES_LET
41,https://www.rightmove.co.uk/properties/144923885#/?channel=RES_LET
42,https://www.rightmove.co.uk/properties/86772921#/?channel=RES_LET
43,https://www.rightmove.co.uk/properties/86772903#/?channel=RES_LET
44,https://www.rightmove.co.uk/properties/86772873#/?channel=RES_LET
45,https://www.rightmove.co.uk/properties/86772882#/?channel=RES_LET
46,https://www.rightmove.co.uk/properties/86772825#/?channel=RES_LET
47,https://www.rightmove.co.uk/properties/142856360#/?channel=RES_LET
48,https://www.rightmove.co.uk/properties/86772675#/?channel=RES_LET
49,https://www.rightmove.co.uk/properties/86772648#/?channel=RES_LET
50,https://www.rightmove.co.uk/properties/144493505#/?channel=RES_LET
51,https://www.rightmove.co.uk/properties/86772636#/?channel=RES_LET
52,https://www.rightmove.co.uk/properties/86772633#/?channel=RES_LET
53,https://www.rightmove.co.uk/properties/86772630#/?channel=RES_LET
54,https://www.rightmove.co.uk/properties/86772624#/?channel=RES_LET
55,https://www.rightmove.co.uk/properties/145155944#/?channel=RES_LET
56,https://www.rightmove.co.uk/properties/86772588#/?channel=RES_LET
57,https://www.rightmove.co.uk/properties/86772558#/?channel=RES_LET
58,https://www.rightmove.co.uk/properties/86772555#/?channel=RES_LET
59,https://www.rightmove.co.uk/properties/86772546#/?channel=RES_LET
60,https://www.rightmove.co.uk/properties/86772543#/?channel=RES_LET
61,https://www.rightmove.co.uk/properties/86772507#/?channel=RES_LET
62,https://www.rightmove.co.uk/properties/86772423#/?channel=RES_LET
63,https://www.rightmove.co.uk/properties/144101282#/?channel=RES_LET
64,https://www.rightmove.co.uk/properties/144009593#/?channel=RES_LET
65,https://www.rightmove.co.uk/properties/86747514#/?channel=RES_LET
66,https://www.rightmove.co.uk/properties/86772357#/?channel=RES_LET
67,https://www.rightmove.co.uk/properties/86772330#/?channel=RES_LET
68,https://www.rightmove.co.uk/properties/86772291#/?channel=RES_LET
69,https://www.rightmove.co.uk/properties/86772297#/?channel=RES_LET
70,https://www.rightmove.co.uk/properties/86772303#/?channel=RES_LET
71,https://www.rightmove.co.uk/properties/86772162#/?channel=RES_LET
72,https://www.rightmove.co.uk/properties/144952676#/?channel=RES_LET
73,https://www.rightmove.co.uk/properties/145203590#/?channel=RES_LET
74,https://www.rightmove.co.uk/properties/143336708#/?channel=RES_LET
75,https://www.rightmove.co.uk/properties/145194188#/?channel=RES_LET
76,https://www.rightmove.co.uk/properties/144821867#/?channel=RES_LET
77,https://www.rightmove.co.uk/properties/86772213#/?channel=RES_LET
78,https://www.rightmove.co.uk/properties/86772180#/?channel=RES_LET
79,https://www.rightmove.co.uk/properties/86772177#/?channel=RES_LET
80,https://www.rightmove.co.uk/properties/86772174#/?channel=RES_LET
81,https://www.rightmove.co.uk/properties/50003068#/?channel=RES_LET
82,https://www.rightmove.co.uk/properties/86772150#/?channel=RES_LET
83,https://www.rightmove.co.uk/properties/86772075#/?channel=RES_LET
84,https://www.rightmove.co.uk/properties/86772069#/?channel=RES_LET
85,https://www.rightmove.co.uk/properties/144952118#/?channel=RES_LET
86,https://www.rightmove.co.uk/properties/137285471#/?channel=RES_LET
87,https://www.rightmove.co.uk/properties/145391165#/?channel=RES_LET
88,https://www.rightmove.co.uk/properties/86772018#/?channel=RES_LET
89,https://www.rightmove.co.uk/properties/86772012#/?channel=RES_LET
90,https://www.rightmove.co.uk/properties/86771976#/?channel=RES_LET
91,https://www.rightmove.co.uk/properties/86771946#/?channel=RES_LET
92,https://www.rightmove.co.uk/properties/47168712#/?channel=RES_LET
93,https://www.rightmove.co.uk/properties/86771919#/?channel=RES_LET
94,https://www.rightmove.co.uk/properties/86771910#/?channel=RES_LET
95,https://www.rightmove.co.uk/properties/144717545#/?channel=RES_LET
96,https://www.rightmove.co.uk/properties/86771904#/?channel=RES_LET
97,https://www.rightmove.co.uk/properties/86771847#/?channel=RES_LET
98,https://www.rightmove.co.uk/properties/143602766#/?channel=RES_LET
99,https://www.rightmove.co.uk/properties/145197065#/?channel=RES_LET
100,https://www.rightmove.co.uk/properties/86715939#/?channel=RES_LET
101,https://www.rightmove.co.uk/properties/86771847#/?channel=RES_LET
102,https://www.rightmove.co.uk/properties/143602766#/?channel=RES_LET
103,https://www.rightmove.co.uk/properties/145197065#/?channel=RES_LET
104,https://www.rightmove.co.uk/properties/86771787#/?channel=RES_LET
105,https://www.rightmove.co.uk/properties/86771793#/?channel=RES_LET
106,https://www.rightmove.co.uk/properties/142713473#/?channel=RES_LET
107,https://www.rightmove.co.uk/properties/143346527#/?channel=RES_LET
108,https://www.rightmove.co.uk/properties/86771640#/?channel=RES_LET
109,https://www.rightmove.co.uk/properties/145169891#/?channel=RES_LET
110,https://www.rightmove.co.uk/properties/145039925#/?channel=RES_LET
111,https://www.rightmove.co.uk/properties/86771676#/?channel=RES_LET
112,https://www.rightmove.co.uk/properties/86771661#/?channel=RES_LET
113,https://www.rightmove.co.uk/properties/145190342#/?channel=RES_LET
114,https://www.rightmove.co.uk/properties/86771541#/?channel=RES_LET
115,https://www.rightmove.co.uk/properties/144108671#/?channel=RES_LET
116,https://www.rightmove.co.uk/properties/86771625#/?channel=RES_LET
117,https://www.rightmove.co.uk/properties/86771631#/?channel=RES_LET
118,https://www.rightmove.co.uk/properties/86771610#/?channel=RES_LET
119,https://www.rightmove.co.uk/properties/86771619#/?channel=RES_LET
120,https://www.rightmove.co.uk/properties/133845743#/?channel=RES_LET
121,https://www.rightmove.co.uk/properties/86771388#/?channel=RES_LET
122,https://www.rightmove.co.uk/properties/86771343#/?channel=RES_LET
123,https://www.rightmove.co.uk/properties/86771298#/?channel=RES_LET
124,https://www.rightmove.co.uk/properties/144881966#/?channel=RES_LET
125,https://www.rightmove.co.uk/properties/145326281#/?channel=RES_LET
126,https://www.rightmove.co.uk/properties/86771316#/?channel=RES_LET
127,https://www.rightmove.co.uk/properties/143642594#/?channel=RES_LET
128,https://www.rightmove.co.uk/properties/86771268#/?channel=RES_LET
129,https://www.rightmove.co.uk/properties/86771247#/?channel=RES_LET
130,https://www.rightmove.co.uk/properties/86771235#/?channel=RES_LET
131,https://www.rightmove.co.uk/properties/86771190#/?channel=RES_LET
132,https://www.rightmove.co.uk/properties/86771148#/?channel=RES_LET
133,https://www.rightmove.co.uk/properties/143980562#/?channel=RES_LET
134,https://www.rightmove.co.uk/properties/140188370#/?channel=RES_LET
135,https://www.rightmove.co.uk/properties/86771106#/?channel=RES_LET
136,https://www.rightmove.co.uk/properties/86771100#/?channel=RES_LET
137,https://www.rightmove.co.uk/properties/143363633#/?channel=RES_LET
138,https://www.rightmove.co.uk/properties/145148591#/?channel=RES_LET
139,https://www.rightmove.co.uk/properties/143079767#/?channel=RES_LET
140,https://www.rightmove.co.uk/properties/144125018#/?channel=RES_LET
141,https://www.rightmove.co.uk/properties/145211111#/?channel=RES_LET
142,https://www.rightmove.co.uk/properties/144146081#/?channel=RES_LET
143,https://www.rightmove.co.uk/properties/143564156#/?channel=RES_LET
144,https://www.rightmove.co.uk/properties/145164533#/?channel=RES_LET
145,https://www.rightmove.co.uk/properties/144724676#/?channel=RES_LET
146,https://www.rightmove.co.uk/properties/86770962#/?channel=RES_LET
147,https://www.rightmove.co.uk/properties/86770971#/?channel=RES_LET
148,https://www.rightmove.co.uk/properties/86770974#/?channel=RES_LET
149,https://www.rightmove.co.uk/properties/86715939#/?channel=RES_LET
150,https://www.rightmove.co.uk/properties/145408004#/?channel=RES_LET
151,https://www.rightmove.co.uk/properties/145202339#/?channel=RES_LET
152,https://www.rightmove.co.uk/properties/86770899#/?channel=RES_LET
153,https://www.rightmove.co.uk/properties/144722924#/?channel=RES_LET
154,https://www.rightmove.co.uk/properties/86770839#/?channel=RES_LET
155,https://www.rightmove.co.uk/properties/86770722#/?channel=RES_LET
156,https://www.rightmove.co.uk/properties/86770821#/?channel=RES_LET
157,https://www.rightmove.co.uk/properties/143640848#/?channel=RES_LET
158,https://www.rightmove.co.uk/properties/145076108#/?channel=RES_LET
159,https://www.rightmove.co.uk/properties/144208706#/?channel=RES_LET
160,https://www.rightmove.co.uk/properties/86770797#/?channel=RES_LET
161,https://www.rightmove.co.uk/properties/86770785#/?channel=RES_LET
162,https://www.rightmove.co.uk/properties/145400858#/?channel=RES_LET
163,https://www.rightmove.co.uk/properties/143234732#/?channel=RES_LET
164,https://www.rightmove.co.uk/properties/86770692#/?channel=RES_LET
165,https://www.rightmove.co.uk/properties/86770677#/?channel=RES_LET
166,https://www.rightmove.co.uk/properties/144024026#/?channel=RES_LET
167,https://www.rightmove.co.uk/properties/142775054#/?channel=RES_LET
168,https://www.rightmove.co.uk/properties/144560585#/?channel=RES_LET
169,https://www.rightmove.co.uk/properties/142773323#/?channel=RES_LET
170,https://www.rightmove.co.uk/properties/86770590#/?channel=RES_LET
171,https://www.rightmove.co.uk/properties/86770539#/?channel=RES_LET
172,https://www.rightmove.co.uk/properties/86770437#/?channel=RES_LET
173,https://www.rightmove.co.uk/properties/144874838#/?channel=RES_LET
174,https://www.rightmove.co.uk/properties/144154616#/?channel=RES_LET
175,https://www.rightmove.co.uk/properties/143573522#/?channel=RES_LET
176,https://www.rightmove.co.uk/properties/144984722#/?channel=RES_LET
177,https://www.rightmove.co.uk/properties/86770374#/?channel=RES_LET
178,https://www.rightmove.co.uk/properties/86770341#/?channel=RES_LET
179,https://www.rightmove.co.uk/properties/144620657#/?channel=RES_LET
180,https://www.rightmove.co.uk/properties/143449766#/?channel=RES_LET
181,https://www.rightmove.co.uk/properties/145001498#/?channel=RES_LET
182,https://www.rightmove.co.uk/properties/143345168#/?channel=RES_LET
183,https://www.rightmove.co.uk/properties/144621980#/?channel=RES_LET
184,https://www.rightmove.co.uk/properties/86725722#/?channel=RES_LET
185,https://www.rightmove.co.uk/properties/86770176#/?channel=RES_LET
186,https://www.rightmove.co.uk/properties/86770164#/?channel=RES_LET
187,https://www.rightmove.co.uk/properties/86770158#/?channel=RES_LET
188,https://www.rightmove.co.uk/properties/86770110#/?channel=RES_LET
189,https://www.rightmove.co.uk/properties/145218956#/?channel=RES_LET
190,https://www.rightmove.co.uk/properties/86770095#/?channel=RES_LET
191,https://www.rightmove.co.uk/properties/86770077#/?channel=RES_LET
192,https://www.rightmove.co.uk/properties/142019735#/?channel=RES_LET
193,https://www.rightmove.co.uk/properties/86770035#/?channel=RES_LET
194,https://www.rightmove.co.uk/properties/86769993#/?channel=RES_LET
195,https://www.rightmove.co.uk/properties/143952398#/?channel=RES_LET
196,https://www.rightmove.co.uk/properties/86769918#/?channel=RES_LET
197,https://www.rightmove.co.uk/properties/86769867#/?channel=RES_LET
198,https://www.rightmove.co.uk/properties/86769750#/?channel=RES_LET
199,https://www.rightmove.co.uk/properties/86769774#/?channel=RES_LET
200,https://www.rightmove.co.uk/properties/144550409#/?channel=RES_LET
201,https://www.rightmove.co.uk/properties/86769708#/?channel=RES_LET
202,https://www.rightmove.co.uk/properties/145322114#/?channel=RES_LET
203,https://www.rightmove.co.uk/properties/145284383#/?channel=RES_LET
204,https://www.rightmove.co.uk/properties/144022952#/?channel=RES_LET
205,https://www.rightmove.co.uk/properties/144245831#/?channel=RES_LET
206,https://www.rightmove.co.uk/properties/86769669#/?channel=RES_LET
207,https://www.rightmove.co.uk/properties/144462326#/?channel=RES_LET
208,https://www.rightmove.co.uk/properties/86769639#/?channel=RES_LET
209,https://www.rightmove.co.uk/properties/86769627#/?channel=RES_LET
210,https://www.rightmove.co.uk/properties/145102382#/?channel=RES_LET
211,https://www.rightmove.co.uk/properties/144882314#/?channel=RES_LET
212,https://www.rightmove.co.uk/properties/86769483#/?channel=RES_LET
213,https://www.rightmove.co.uk/properties/86768889#/?channel=RES_LET
214,https://www.rightmove.co.uk/properties/137187383#/?channel=RES_LET
215,https://www.rightmove.co.uk/properties/86769438#/?channel=RES_LET
216,https://www.rightmove.co.uk/properties/144306752#/?channel=RES_LET
217,https://www.rightmove.co.uk/properties/145401677#/?channel=RES_LET
218,https://www.rightmove.co.uk/properties/86769300#/?channel=RES_LET
219,https://www.rightmove.co.uk/properties/86769276#/?channel=RES_LET
220,https://www.rightmove.co.uk/properties/142464575#/?channel=RES_LET
221,https://www.rightmove.co.uk/properties/86769036#/?channel=RES_LET
222,https://www.rightmove.co.uk/properties/86768994#/?channel=RES_LET
223,https://www.rightmove.co.uk/properties/86768991#/?channel=RES_LET
224,https://www.rightmove.co.uk/properties/86768970#/?channel=RES_LET
225,https://www.rightmove.co.uk/properties/145368299#/?channel=RES_LET
226,https://www.rightmove.co.uk/properties/86768964#/?channel=RES_LET
227,https://www.rightmove.co.uk/properties/143711423#/?channel=RES_LET
228,https://www.rightmove.co.uk/properties/144469826#/?channel=RES_LET
229,https://www.rightmove.co.uk/properties/145279484#/?channel=RES_LET
230,https://www.rightmove.co.uk/properties/86768865#/?channel=RES_LET
231,https://www.rightmove.co.uk/properties/136331045#/?channel=RES_LET
232,https://www.rightmove.co.uk/properties/86768709#/?channel=RES_LET
233,https://www.rightmove.co.uk/properties/145414406#/?channel=RES_LET
234,https://www.rightmove.co.uk/properties/143969744#/?channel=RES_LET
235,https://www.rightmove.co.uk/properties/144413459#/?channel=RES_LET
236,https://www.rightmove.co.uk/properties/145414283#/?channel=RES_LET
237,https://www.rightmove.co.uk/properties/144436997#/?channel=RES_LET
238,https://www.rightmove.co.uk/properties/144726227#/?channel=RES_LET
239,https://www.rightmove.co.uk/properties/145401563#/?channel=RES_LET
240,https://www.rightmove.co.uk/properties/145414196#/?channel=RES_LET
241,https://www.rightmove.co.uk/properties/116224664#/?channel=RES_LET
242,https://www.rightmove.co.uk/properties/144947555#/?channel=RES_LET
243,https://www.rightmove.co.uk/properties/145414085#/?channel=RES_LET
244,https://www.rightmove.co.uk/properties/145414079#/?channel=RES_LET
245,https://www.rightmove.co.uk/properties/145414025#/?channel=RES_LET
246,https://www.rightmove.co.uk/properties/143666867#/?channel=RES_LET
247,https://www.rightmove.co.uk/properties/145395863#/?channel=RES_LET
248,https://www.rightmove.co.uk/properties/145413995#/?channel=RES_LET
249,https://www.rightmove.co.uk/properties/145413968#/?channel=RES_LET
250,https://www.rightmove.co.uk/properties/145342562#/?channel=RES_LET
251,https://www.rightmove.co.uk/properties/142677200#/?channel=RES_LET
252,https://www.rightmove.co.uk/properties/127681619#/?channel=RES_LET
253,https://www.rightmove.co.uk/properties/145413830#/?channel=RES_LET
254,https://www.rightmove.co.uk/properties/145413689#/?channel=RES_LET
255,https://www.rightmove.co.uk/properties/145360490#/?channel=RES_LET
256,https://www.rightmove.co.uk/properties/143315765#/?channel=RES_LET
257,https://www.rightmove.co.uk/properties/143661611#/?channel=RES_LET
258,https://www.rightmove.co.uk/properties/86757120#/?channel=RES_LET
259,https://www.rightmove.co.uk/properties/145413605#/?channel=RES_LET
260,https://www.rightmove.co.uk/properties/96661936#/?channel=RES_LET
261,https://www.rightmove.co.uk/properties/145413482#/?channel=RES_LET
262,https://www.rightmove.co.uk/properties/145413470#/?channel=RES_LET
263,https://www.rightmove.co.uk/properties/145413476#/?channel=RES_LET
264,https://www.rightmove.co.uk/properties/145413350#/?channel=RES_LET
265,https://www.rightmove.co.uk/properties/145413356#/?channel=RES_LET
266,https://www.rightmove.co.uk/properties/145413362#/?channel=RES_LET
267,https://www.rightmove.co.uk/properties/145413296#/?channel=RES_LET
268,https://www.rightmove.co.uk/properties/145407050#/?channel=RES_LET
269,https://www.rightmove.co.uk/properties/86768706#/?channel=RES_LET
270,https://www.rightmove.co.uk/properties/145178288#/?channel=RES_LET
271,https://www.rightmove.co.uk/properties/145413191#/?channel=RES_LET
272,https://www.rightmove.co.uk/properties/145413182#/?channel=RES_LET
273,https://www.rightmove.co.uk/properties/145413179#/?channel=RES_LET
274,https://www.rightmove.co.uk/properties/145413176#/?channel=RES_LET
275,https://www.rightmove.co.uk/properties/144812849#/?channel=RES_LET
276,https://www.rightmove.co.uk/properties/145413179#/?channel=RES_LET
277,https://www.rightmove.co.uk/properties/145413176#/?channel=RES_LET
278,https://www.rightmove.co.uk/properties/145413170#/?channel=RES_LET
279,https://www.rightmove.co.uk/properties/145413161#/?channel=RES_LET
280,https://www.rightmove.co.uk/properties/145413155#/?channel=RES_LET
281,https://www.rightmove.co.uk/properties/145413146#/?channel=RES_LET
282,https://www.rightmove.co.uk/properties/145413143#/?channel=RES_LET
283,https://www.rightmove.co.uk/properties/145413137#/?channel=RES_LET
284,https://www.rightmove.co.uk/properties/145413131#/?channel=RES_LET
285,https://www.rightmove.co.uk/properties/145413122#/?channel=RES_LET
286,https://www.rightmove.co.uk/properties/145413101#/?channel=RES_LET
287,https://www.rightmove.co.uk/properties/145413092#/?channel=RES_LET
288,https://www.rightmove.co.uk/properties/145413077#/?channel=RES_LET
289,https://www.rightmove.co.uk/properties/145413071#/?channel=RES_LET
290,https://www.rightmove.co.uk/properties/145413047#/?channel=RES_LET
291,https://www.rightmove.co.uk/properties/145413056#/?channel=RES_LET
292,https://www.rightmove.co.uk/properties/145413044#/?channel=RES_LET
293,https://www.rightmove.co.uk/properties/145413038#/?channel=RES_LET
294,https://www.rightmove.co.uk/properties/145413026#/?channel=RES_LET
295,https://www.rightmove.co.uk/properties/145413005#/?channel=RES_LET
296,https://www.rightmove.co.uk/properties/145413011#/?channel=RES_LET
297,https://www.rightmove.co.uk/properties/145412996#/?channel=RES_LET
298,https://www.rightmove.co.uk/properties/145413002#/?channel=RES_LET
299,https://www.rightmove.co.uk/properties/142450172#/?channel=RES_LET
300,https://www.rightmove.co.uk/properties/145292120#/?channel=RES_LET
301,https://www.rightmove.co.uk/properties/145413002#/?channel=RES_LET
302,https://www.rightmove.co.uk/properties/142450172#/?channel=RES_LET
303,https://www.rightmove.co.uk/properties/145412990#/?channel=RES_LET
304,https://www.rightmove.co.uk/properties/145412984#/?channel=RES_LET
305,https://www.rightmove.co.uk/properties/145412978#/?channel=RES_LET
306,https://www.rightmove.co.uk/properties/145412972#/?channel=RES_LET
307,https://www.rightmove.co.uk/properties/145412966#/?channel=RES_LET
308,https://www.rightmove.co.uk/properties/145412957#/?channel=RES_LET
309,https://www.rightmove.co.uk/properties/145412954#/?channel=RES_LET
310,https://www.rightmove.co.uk/properties/145412951#/?channel=RES_LET
311,https://www.rightmove.co.uk/properties/145412948#/?channel=RES_LET
312,https://www.rightmove.co.uk/properties/145412942#/?channel=RES_LET
313,https://www.rightmove.co.uk/properties/145412936#/?channel=RES_LET
314,https://www.rightmove.co.uk/properties/145412933#/?channel=RES_LET
315,https://www.rightmove.co.uk/properties/145412930#/?channel=RES_LET
316,https://www.rightmove.co.uk/properties/145412924#/?channel=RES_LET
317,https://www.rightmove.co.uk/properties/145412915#/?channel=RES_LET
318,https://www.rightmove.co.uk/properties/145412909#/?channel=RES_LET
319,https://www.rightmove.co.uk/properties/145412834#/?channel=RES_LET
320,https://www.rightmove.co.uk/properties/145023116#/?channel=RES_LET
321,https://www.rightmove.co.uk/properties/144451094#/?channel=RES_LET
322,https://www.rightmove.co.uk/properties/143995268#/?channel=RES_LET
323,https://www.rightmove.co.uk/properties/145402880#/?channel=RES_LET
324,https://www.rightmove.co.uk/properties/144830168#/?channel=RES_LET
325,https://www.rightmove.co.uk/properties/145350755#/?channel=RES_LET
326,https://www.rightmove.co.uk/properties/145412198#/?channel=RES_LET
327,https://www.rightmove.co.uk/properties/145412042#/?channel=RES_LET
328,https://www.rightmove.co.uk/properties/145412033#/?channel=RES_LET
329,https://www.rightmove.co.uk/properties/145412006#/?channel=RES_LET
330,https://www.rightmove.co.uk/properties/145411997#/?channel=RES_LET
331,https://www.rightmove.co.uk/properties/145411994#/?channel=RES_LET
332,https://www.rightmove.co.uk/properties/145411883#/?channel=RES_LET
333,https://www.rightmove.co.uk/properties/145411889#/?channel=RES_LET
334,https://www.rightmove.co.uk/properties/145411862#/?channel=RES_LET
335,https://www.rightmove.co.uk/properties/145411607#/?channel=RES_LET
336,https://www.rightmove.co.uk/properties/145411466#/?channel=RES_LET
337,https://www.rightmove.co.uk/properties/145411349#/?channel=RES_LET
338,https://www.rightmove.co.uk/properties/145411310#/?channel=RES_LET
339,https://www.rightmove.co.uk/properties/143984948#/?channel=RES_LET
340,https://www.rightmove.co.uk/properties/144477308#/?channel=RES_LET
341,https://www.rightmove.co.uk/properties/144417131#/?channel=RES_LET
342,https://www.rightmove.co.uk/properties/145285544#/?channel=RES_LET
343,https://www.rightmove.co.uk/properties/145411268#/?channel=RES_LET
344,https://www.rightmove.co.uk/properties/145411253#/?channel=RES_LET
345,https://www.rightmove.co.uk/properties/145344347#/?channel=RES_LET
346,https://www.rightmove.co.uk/properties/124022006#/?channel=RES_LET
347,https://www.rightmove.co.uk/properties/142499954#/?channel=RES_LET
348,https://www.rightmove.co.uk/properties/144186392#/?channel=RES_LET
349,https://www.rightmove.co.uk/properties/145410938#/?channel=RES_LET
350,https://www.rightmove.co.uk/properties/144265823#/?channel=RES_LET
351,https://www.rightmove.co.uk/properties/145344347#/?channel=RES_LET
352,https://www.rightmove.co.uk/properties/124022006#/?channel=RES_LET
353,https://www.rightmove.co.uk/properties/142499954#/?channel=RES_LET
354,https://www.rightmove.co.uk/properties/144186392#/?channel=RES_LET
355,https://www.rightmove.co.uk/properties/145410938#/?channel=RES_LET
356,https://www.rightmove.co.uk/properties/86367405#/?channel=RES_LET
357,https://www.rightmove.co.uk/properties/130561805#/?channel=RES_LET
358,https://www.rightmove.co.uk/properties/145405526#/?channel=RES_LET
359,https://www.rightmove.co.uk/properties/145344416#/?channel=RES_LET
360,https://www.rightmove.co.uk/properties/145410833#/?channel=RES_LET
361,https://www.rightmove.co.uk/properties/145410803#/?channel=RES_LET
362,https://www.rightmove.co.uk/properties/144758186#/?channel=RES_LET
363,https://www.rightmove.co.uk/properties/141191786#/?channel=RES_LET
364,https://www.rightmove.co.uk/properties/145410350#/?channel=RES_LET
365,https://www.rightmove.co.uk/properties/145410317#/?channel=RES_LET
366,https://www.rightmove.co.uk/properties/145410320#/?channel=RES_LET
367,https://www.rightmove.co.uk/properties/145410305#/?channel=RES_LET
368,https://www.rightmove.co.uk/properties/145410308#/?channel=RES_LET
369,https://www.rightmove.co.uk/properties/145410287#/?channel=RES_LET
370,https://www.rightmove.co.uk/properties/145410281#/?channel=RES_LET
371,https://www.rightmove.co.uk/properties/145410248#/?channel=RES_LET
372,https://www.rightmove.co.uk/properties/144800309#/?channel=RES_LET
373,https://www.rightmove.co.uk/properties/144287822#/?channel=RES_LET
374,https://www.rightmove.co.uk/properties/145410230#/?channel=RES_LET
375,https://www.rightmove.co.uk/properties/144406394#/?channel=RES_LET
376,https://www.rightmove.co.uk/properties/144800309#/?channel=RES_LET
377,https://www.rightmove.co.uk/properties/144287822#/?channel=RES_LET
378,https://www.rightmove.co.uk/properties/145410230#/?channel=RES_LET
379,https://www.rightmove.co.uk/properties/144363617#/?channel=RES_LET
380,https://www.rightmove.co.uk/properties/144307079#/?channel=RES_LET
381,https://www.rightmove.co.uk/properties/144250877#/?channel=RES_LET
382,https://www.rightmove.co.uk/properties/145409951#/?channel=RES_LET
383,https://www.rightmove.co.uk/properties/145409744#/?channel=RES_LET
384,https://www.rightmove.co.uk/properties/145409708#/?channel=RES_LET
385,https://www.rightmove.co.uk/properties/131452913#/?channel=RES_LET
386,https://www.rightmove.co.uk/properties/145409699#/?channel=RES_LET
387,https://www.rightmove.co.uk/properties/145409678#/?channel=RES_LET
388,https://www.rightmove.co.uk/properties/145409648#/?channel=RES_LET
389,https://www.rightmove.co.uk/properties/145409639#/?channel=RES_LET
390,https://www.rightmove.co.uk/properties/145409603#/?channel=RES_LET
391,https://www.rightmove.co.uk/properties/145409606#/?channel=RES_LET
392,https://www.rightmove.co.uk/properties/145409597#/?channel=RES_LET
393,https://www.rightmove.co.uk/properties/142673768#/?channel=RES_LET
394,https://www.rightmove.co.uk/properties/145409588#/?channel=RES_LET
395,https://www.rightmove.co.uk/properties/145409585#/?channel=RES_LET
396,https://www.rightmove.co.uk/properties/145409582#/?channel=RES_LET
397,https://www.rightmove.co.uk/properties/145357787#/?channel=RES_LET
398,https://www.rightmove.co.uk/properties/144494672#/?channel=RES_LET
399,https://www.rightmove.co.uk/properties/145409576#/?channel=RES_LET
400,https://www.rightmove.co.uk/properties/144467588#/?channel=RES_LET
401,https://www.rightmove.co.uk/properties/145409576#/?channel=RES_LET
402,https://www.rightmove.co.uk/properties/144748064#/?channel=RES_LET
403,https://www.rightmove.co.uk/properties/145409570#/?channel=RES_LET
404,https://www.rightmove.co.uk/properties/145409429#/?channel=RES_LET
405,https://www.rightmove.co.uk/properties/145409423#/?channel=RES_LET
406,https://www.rightmove.co.uk/properties/145409396#/?channel=RES_LET
407,https://www.rightmove.co.uk/properties/145409342#/?channel=RES_LET
408,https://www.rightmove.co.uk/properties/145409255#/?channel=RES_LET
409,https://www.rightmove.co.uk/properties/145409216#/?channel=RES_LET
410,https://www.rightmove.co.uk/properties/145092590#/?channel=RES_LET
411,https://www.rightmove.co.uk/properties/145408802#/?channel=RES_LET
412,https://www.rightmove.co.uk/properties/145408769#/?channel=RES_LET
413,https://www.rightmove.co.uk/properties/145408709#/?channel=RES_LET
414,https://www.rightmove.co.uk/properties/145408682#/?channel=RES_LET
415,https://www.rightmove.co.uk/properties/144988226#/?channel=RES_LET
416,https://www.rightmove.co.uk/properties/145408652#/?channel=RES_LET
417,https://www.rightmove.co.uk/properties/145116059#/?channel=RES_LET
418,https://www.rightmove.co.uk/properties/145408469#/?channel=RES_LET
419,https://www.rightmove.co.uk/properties/145408472#/?channel=RES_LET
420,https://www.rightmove.co.uk/properties/145408460#/?channel=RES_LET
421,https://www.rightmove.co.uk/properties/145408448#/?channel=RES_LET
422,https://www.rightmove.co.uk/properties/145408409#/?channel=RES_LET
423,https://www.rightmove.co.uk/properties/145298822#/?channel=RES_LET
424,https://www.rightmove.co.uk/properties/145136054#/?channel=RES_LET
425,https://www.rightmove.co.uk/properties/142477004#/?channel=RES_LET
426,https://www.rightmove.co.uk/properties/145136054#/?channel=RES_LET
427,https://www.rightmove.co.uk/properties/144486887#/?channel=RES_LET
428,https://www.rightmove.co.uk/properties/144078992#/?channel=RES_LET
429,https://www.rightmove.co.uk/properties/144874190#/?channel=RES_LET
430,https://www.rightmove.co.uk/properties/145408103#/?channel=RES_LET
431,https://www.rightmove.co.uk/properties/144086426#/?channel=RES_LET
432,https://www.rightmove.co.uk/properties/145408097#/?channel=RES_LET
433,https://www.rightmove.co.uk/properties/145408058#/?channel=RES_LET
434,https://www.rightmove.co.uk/properties/145408043#/?channel=RES_LET
435,https://www.rightmove.co.uk/properties/144696071#/?channel=RES_LET
436,https://www.rightmove.co.uk/properties/145408004#/?channel=RES_LET
437,https://www.rightmove.co.uk/properties/145407986#/?channel=RES_LET
438,https://www.rightmove.co.uk/properties/145407983#/?channel=RES_LET
439,https://www.rightmove.co.uk/properties/145407977#/?channel=RES_LET
440,https://www.rightmove.co.uk/properties/145407974#/?channel=RES_LET
441,https://www.rightmove.co.uk/properties/145407971#/?channel=RES_LET
442,https://www.rightmove.co.uk/properties/145407938#/?channel=RES_LET
443,https://www.rightmove.co.uk/properties/145407941#/?channel=RES_LET
444,https://www.rightmove.co.uk/properties/145407929#/?channel=RES_LET
445,https://www.rightmove.co.uk/properties/145407932#/?channel=RES_LET
446,https://www.rightmove.co.uk/properties/145407896#/?channel=RES_LET
447,https://www.rightmove.co.uk/properties/145407902#/?channel=RES_LET
448,https://www.rightmove.co.uk/properties/143781314#/?channel=RES_LET
449,https://www.rightmove.co.uk/properties/144894122#/?channel=RES_LET
450,https://www.rightmove.co.uk/properties/144194777#/?channel=RES_LET
451,https://www.rightmove.co.uk/properties/145407878#/?channel=RES_LET
452,https://www.rightmove.co.uk/properties/144485564#/?channel=RES_LET
453,https://www.rightmove.co.uk/properties/145407857#/?channel=RES_LET
454,https://www.rightmove.co.uk/properties/145407869#/?channel=RES_LET
455,https://www.rightmove.co.uk/properties/145014626#/?channel=RES_LET
456,https://www.rightmove.co.uk/properties/145014608#/?channel=RES_LET
457,https://www.rightmove.co.uk/properties/145407824#/?channel=RES_LET
458,https://www.rightmove.co.uk/properties/145407827#/?channel=RES_LET
459,https://www.rightmove.co.uk/properties/145407833#/?channel=RES_LET
460,https://www.rightmove.co.uk/properties/145407836#/?channel=RES_LET
461,https://www.rightmove.co.uk/properties/145407842#/?channel=RES_LET
462,https://www.rightmove.co.uk/properties/144319730#/?channel=RES_LET
463,https://www.rightmove.co.uk/properties/145014500#/?channel=RES_LET
464,https://www.rightmove.co.uk/properties/145407965#/?channel=RES_LET
465,https://www.rightmove.co.uk/properties/144881000#/?channel=RES_LET
466,https://www.rightmove.co.uk/properties/145407818#/?channel=RES_LET
467,https://www.rightmove.co.uk/properties/145407806#/?channel=RES_LET
468,https://www.rightmove.co.uk/properties/144975821#/?channel=RES_LET
469,https://www.rightmove.co.uk/properties/143961011#/?channel=RES_LET
470,https://www.rightmove.co.uk/properties/145087154#/?channel=RES_LET
471,https://www.rightmove.co.uk/properties/144891881#/?channel=RES_LET
472,https://www.rightmove.co.uk/properties/144202667#/?channel=RES_LET
473,https://www.rightmove.co.uk/properties/144470318#/?channel=RES_LET
474,https://www.rightmove.co.uk/properties/145407782#/?channel=RES_LET
475,https://www.rightmove.co.uk/properties/136246208#/?channel=RES_LET
476,https://www.rightmove.co.uk/properties/144470318#/?channel=RES_LET
477,https://www.rightmove.co.uk/properties/145407782#/?channel=RES_LET
478,https://www.rightmove.co.uk/properties/145407791#/?channel=RES_LET
479,https://www.rightmove.co.uk/properties/145407749#/?channel=RES_LET
480,https://www.rightmove.co.uk/properties/145407755#/?channel=RES_LET
481,https://www.rightmove.co.uk/properties/145407758#/?channel=RES_LET
482,https://www.rightmove.co.uk/properties/145407761#/?channel=RES_LET
483,https://www.rightmove.co.uk/properties/145407764#/?channel=RES_LET
484,https://www.rightmove.co.uk/properties/145407767#/?channel=RES_LET
485,https://www.rightmove.co.uk/properties/145056443#/?channel=RES_LET
486,https://www.rightmove.co.uk/properties/145407740#/?channel=RES_LET
487,https://www.rightmove.co.uk/properties/145407746#/?channel=RES_LET
488,https://www.rightmove.co.uk/properties/145407737#/?channel=RES_LET
489,https://www.rightmove.co.uk/properties/144279992#/?channel=RES_LET
490,https://www.rightmove.co.uk/properties/143029673#/?channel=RES_LET
491,https://www.rightmove.co.uk/properties/144279989#/?channel=RES_LET
492,https://www.rightmove.co.uk/properties/143780570#/?channel=RES_LET
493,https://www.rightmove.co.uk/properties/143609399#/?channel=RES_LET
494,https://www.rightmove.co.uk/properties/145407698#/?channel=RES_LET
495,https://www.rightmove.co.uk/properties/145407701#/?channel=RES_LET
496,https://www.rightmove.co.uk/properties/145407695#/?channel=RES_LET
497,https://www.rightmove.co.uk/properties/145407692#/?channel=RES_LET
498,https://www.rightmove.co.uk/properties/145407689#/?channel=RES_LET
499,https://www.rightmove.co.uk/properties/145407674#/?channel=RES_LET
500,https://www.rightmove.co.uk/properties/142287737#/?channel=RES_LET
501,https://www.rightmove.co.uk/properties/145407689#/?channel=RES_LET
502,https://www.rightmove.co.uk/properties/145407674#/?channel=RES_LET
503,https://www.rightmove.co.uk/properties/145407662#/?channel=RES_LET
504,https://www.rightmove.co.uk/properties/145213427#/?channel=RES_LET
505,https://www.rightmove.co.uk/properties/144670106#/?channel=RES_LET
506,https://www.rightmove.co.uk/properties/145122980#/?channel=RES_LET
507,https://www.rightmove.co.uk/properties/144682982#/?channel=RES_LET
508,https://www.rightmove.co.uk/properties/145180109#/?channel=RES_LET
509,https://www.rightmove.co.uk/properties/145407632#/?channel=RES_LET
510,https://www.rightmove.co.uk/properties/145407617#/?channel=RES_LET
511,https://www.rightmove.co.uk/properties/127917626#/?channel=RES_LET
512,https://www.rightmove.co.uk/properties/142682033#/?channel=RES_LET
513,https://www.rightmove.co.uk/properties/145407587#/?channel=RES_LET
514,https://www.rightmove.co.uk/properties/144433241#/?channel=RES_LET
515,https://www.rightmove.co.uk/properties/144784310#/?channel=RES_LET
516,https://www.rightmove.co.uk/properties/145407575#/?channel=RES_LET
517,https://www.rightmove.co.uk/properties/145407572#/?channel=RES_LET
518,https://www.rightmove.co.uk/properties/145407569#/?channel=RES_LET
519,https://www.rightmove.co.uk/properties/143537780#/?channel=RES_LET
520,https://www.rightmove.co.uk/properties/145407557#/?channel=RES_LET
521,https://www.rightmove.co.uk/properties/145407542#/?channel=RES_LET
522,https://www.rightmove.co.uk/properties/145407536#/?channel=RES_LET
523,https://www.rightmove.co.uk/properties/86369259#/?channel=RES_LET
524,https://www.rightmove.co.uk/properties/141234083#/?channel=RES_LET
525,https://www.rightmove.co.uk/properties/145240589#/?channel=RES_LET
526,https://www.rightmove.co.uk/properties/137664599#/?channel=RES_LET
527,https://www.rightmove.co.uk/properties/144433139#/?channel=RES_LET
528,https://www.rightmove.co.uk/properties/145407641#/?channel=RES_LET
529,https://www.rightmove.co.uk/properties/143792657#/?channel=RES_LET
530,https://www.rightmove.co.uk/properties/144953741#/?channel=RES_LET
531,https://www.rightmove.co.uk/properties/145407521#/?channel=RES_LET
532,https://www.rightmove.co.uk/properties/145407518#/?channel=RES_LET
533,https://www.rightmove.co.uk/properties/145407503#/?channel=RES_LET
534,https://www.rightmove.co.uk/properties/144829895#/?channel=RES_LET
535,https://www.rightmove.co.uk/properties/144923702#/?channel=RES_LET
536,https://www.rightmove.co.uk/properties/144562874#/?channel=RES_LET
537,https://www.rightmove.co.uk/properties/145407464#/?channel=RES_LET
538,https://www.rightmove.co.uk/properties/145407467#/?channel=RES_LET
539,https://www.rightmove.co.uk/properties/145407470#/?channel=RES_LET
540,https://www.rightmove.co.uk/properties/145407476#/?channel=RES_LET
541,https://www.rightmove.co.uk/properties/145407479#/?channel=RES_LET
542,https://www.rightmove.co.uk/properties/145407482#/?channel=RES_LET
543,https://www.rightmove.co.uk/properties/145407449#/?channel=RES_LET
544,https://www.rightmove.co.uk/properties/145340867#/?channel=RES_LET
545,https://www.rightmove.co.uk/properties/145281719#/?channel=RES_LET
546,https://www.rightmove.co.uk/properties/144974591#/?channel=RES_LET
547,https://www.rightmove.co.uk/properties/145285610#/?channel=RES_LET
548,https://www.rightmove.co.uk/properties/145407446#/?channel=RES_LET
549,https://www.rightmove.co.uk/properties/145407416#/?channel=RES_LET
550,https://www.rightmove.co.uk/properties/145410635#/?channel=RES_LET
551,https://www.rightmove.co.uk/properties/145407416#/?channel=RES_LET
552,https://www.rightmove.co.uk/properties/145407428#/?channel=RES_LET
553,https://www.rightmove.co.uk/properties/145407431#/?channel=RES_LET
554,https://www.rightmove.co.uk/properties/144229826#/?channel=RES_LET
555,https://www.rightmove.co.uk/properties/144515765#/?channel=RES_LET
556,https://www.rightmove.co.uk/properties/145407380#/?channel=RES_LET
557,https://www.rightmove.co.uk/properties/137653805#/?channel=RES_LET
558,https://www.rightmove.co.uk/properties/144667907#/?channel=RES_LET
559,https://www.rightmove.co.uk/properties/145212293#/?channel=RES_LET
560,https://www.rightmove.co.uk/properties/145029692#/?channel=RES_LET
561,https://www.rightmove.co.uk/properties/143029328#/?channel=RES_LET
562,https://www.rightmove.co.uk/properties/145407329#/?channel=RES_LET
563,https://www.rightmove.co.uk/properties/145212062#/?channel=RES_LET
564,https://www.rightmove.co.uk/properties/145407317#/?channel=RES_LET
565,https://www.rightmove.co.uk/properties/145407302#/?channel=RES_LET
566,https://www.rightmove.co.uk/properties/145407281#/?channel=RES_LET
567,https://www.rightmove.co.uk/properties/145407272#/?channel=RES_LET
568,https://www.rightmove.co.uk/properties/145407227#/?channel=RES_LET
569,https://www.rightmove.co.uk/properties/144711794#/?channel=RES_LET
570,https://www.rightmove.co.uk/properties/145407143#/?channel=RES_LET
571,https://www.rightmove.co.uk/properties/145407068#/?channel=RES_LET
572,https://www.rightmove.co.uk/properties/145407044#/?channel=RES_LET
573,https://www.rightmove.co.uk/properties/145407038#/?channel=RES_LET
574,https://www.rightmove.co.uk/properties/145407026#/?channel=RES_LET
575,https://www.rightmove.co.uk/properties/141930077#/?channel=RES_LET
576,https://www.rightmove.co.uk/properties/145407038#/?channel=RES_LET
577,https://www.rightmove.co.uk/properties/145407026#/?channel=RES_LET
578,https://www.rightmove.co.uk/properties/145407017#/?channel=RES_LET
579,https://www.rightmove.co.uk/properties/145407014#/?channel=RES_LET
580,https://www.rightmove.co.uk/properties/145407008#/?channel=RES_LET
581,https://www.rightmove.co.uk/properties/145406993#/?channel=RES_LET
582,https://www.rightmove.co.uk/properties/145406987#/?channel=RES_LET
583,https://www.rightmove.co.uk/properties/145406984#/?channel=RES_LET
584,https://www.rightmove.co.uk/properties/145406969#/?channel=RES_LET
585,https://www.rightmove.co.uk/properties/145406966#/?channel=RES_LET
586,https://www.rightmove.co.uk/properties/145406957#/?channel=RES_LET
587,https://www.rightmove.co.uk/properties/145406918#/?channel=RES_LET
588,https://www.rightmove.co.uk/properties/144182381#/?channel=RES_LET
589,https://www.rightmove.co.uk/properties/145406858#/?channel=RES_LET
590,https://www.rightmove.co.uk/properties/145406600#/?channel=RES_LET
591,https://www.rightmove.co.uk/properties/145163723#/?channel=RES_LET
592,https://www.rightmove.co.uk/properties/121115747#/?channel=RES_LET
593,https://www.rightmove.co.uk/properties/144693275#/?channel=RES_LET
594,https://www.rightmove.co.uk/properties/144386183#/?channel=RES_LET
595,https://www.rightmove.co.uk/properties/145339568#/?channel=RES_LET
596,https://www.rightmove.co.uk/properties/144761594#/?channel=RES_LET
597,https://www.rightmove.co.uk/properties/145406639#/?channel=RES_LET
598,https://www.rightmove.co.uk/properties/145406573#/?channel=RES_LET
599,https://www.rightmove.co.uk/properties/145406546#/?channel=RES_LET
600,https://www.rightmove.co.uk/properties/145413470#/?channel=RES_LET
601,https://www.rightmove.co.uk/properties/145406534#/?channel=RES_LET
602,https://www.rightmove.co.uk/properties/145406537#/?channel=RES_LET
603,https://www.rightmove.co.uk/properties/145406540#/?channel=RES_LET
604,https://www.rightmove.co.uk/properties/145406543#/?channel=RES_LET
605,https://www.rightmove.co.uk/properties/145406525#/?channel=RES_LET
606,https://www.rightmove.co.uk/properties/145406504#/?channel=RES_LET
607,https://www.rightmove.co.uk/properties/142417370#/?channel=RES_LET
608,https://www.rightmove.co.uk/properties/145406456#/?channel=RES_LET
609,https://www.rightmove.co.uk/properties/145406447#/?channel=RES_LET
610,https://www.rightmove.co.uk/properties/145406441#/?channel=RES_LET
611,https://www.rightmove.co.uk/properties/143476907#/?channel=RES_LET
612,https://www.rightmove.co.uk/properties/144053624#/?channel=RES_LET
613,https://www.rightmove.co.uk/properties/144940169#/?channel=RES_LET
614,https://www.rightmove.co.uk/properties/144892610#/?channel=RES_LET
615,https://www.rightmove.co.uk/properties/144892604#/?channel=RES_LET
616,https://www.rightmove.co.uk/properties/145177898#/?channel=RES_LET
617,https://www.rightmove.co.uk/properties/142184066#/?channel=RES_LET
618,https://www.rightmove.co.uk/properties/144277508#/?channel=RES_LET
619,https://www.rightmove.co.uk/properties/145406408#/?channel=RES_LET
620,https://www.rightmove.co.uk/properties/145406390#/?channel=RES_LET
621,https://www.rightmove.co.uk/properties/145406357#/?channel=RES_LET
622,https://www.rightmove.co.uk/properties/145406351#/?channel=RES_LET
623,https://www.rightmove.co.uk/properties/144911219#/?channel=RES_LET
624,https://www.rightmove.co.uk/properties/145406318#/?channel=RES_LET
625,https://www.rightmove.co.uk/properties/145067288#/?channel=RES_LET
626,https://www.rightmove.co.uk/properties/145406318#/?channel=RES_LET
627,https://www.rightmove.co.uk/properties/145406306#/?channel=RES_LET
628,https://www.rightmove.co.uk/properties/144670508#/?channel=RES_LET
629,https://www.rightmove.co.uk/properties/144899180#/?channel=RES_LET
630,https://www.rightmove.co.uk/properties/145406288#/?channel=RES_LET
631,https://www.rightmove.co.uk/properties/143511128#/?channel=RES_LET
632,https://www.rightmove.co.uk/properties/144649721#/?channel=RES_LET
633,https://www.rightmove.co.uk/properties/145406183#/?channel=RES_LET
634,https://www.rightmove.co.uk/properties/145406165#/?channel=RES_LET
635,https://www.rightmove.co.uk/properties/145406129#/?channel=RES_LET
636,https://www.rightmove.co.uk/properties/144623630#/?channel=RES_LET
637,https://www.rightmove.co.uk/properties/144023138#/?channel=RES_LET
638,https://www.rightmove.co.uk/properties/144407810#/?channel=RES_LET
639,https://www.rightmove.co.uk/properties/144695315#/?channel=RES_LET
640,https://www.rightmove.co.uk/properties/145406048#/?channel=RES_LET
641,https://www.rightmove.co.uk/properties/145406021#/?channel=RES_LET
642,https://www.rightmove.co.uk/properties/145405994#/?channel=RES_LET
643,https://www.rightmove.co.uk/properties/145405997#/?channel=RES_LET
644,https://www.rightmove.co.uk/properties/145405991#/?channel=RES_LET
645,https://www.rightmove.co.uk/properties/145405916#/?channel=RES_LET
646,https://www.rightmove.co.uk/properties/145405898#/?channel=RES_LET
647,https://www.rightmove.co.uk/properties/144814877#/?channel=RES_LET
648,https://www.rightmove.co.uk/properties/145405844#/?channel=RES_LET
649,https://www.rightmove.co.uk/properties/145405811#/?channel=RES_LET
650,https://www.rightmove.co.uk/properties/145174184#/?channel=RES_LET
651,https://www.rightmove.co.uk/properties/145405796#/?channel=RES_LET
652,https://www.rightmove.co.uk/properties/145405784#/?channel=RES_LET
653,https://www.rightmove.co.uk/properties/145405727#/?channel=RES_LET
654,https://www.rightmove.co.uk/properties/145405718#/?channel=RES_LET
655,https://www.rightmove.co.uk/properties/145405661#/?channel=RES_LET
656,https://www.rightmove.co.uk/properties/145405652#/?channel=RES_LET
657,https://www.rightmove.co.uk/properties/144718667#/?channel=RES_LET
658,https://www.rightmove.co.uk/properties/145405631#/?channel=RES_LET
659,https://www.rightmove.co.uk/properties/145405355#/?channel=RES_LET
660,https://www.rightmove.co.uk/properties/145120919#/?channel=RES_LET
661,https://www.rightmove.co.uk/properties/145405583#/?channel=RES_LET
662,https://www.rightmove.co.uk/properties/145405580#/?channel=RES_LET
663,https://www.rightmove.co.uk/properties/145405559#/?channel=RES_LET
664,https://www.rightmove.co.uk/properties/145405538#/?channel=RES_LET
665,https://www.rightmove.co.uk/properties/145405544#/?channel=RES_LET
666,https://www.rightmove.co.uk/properties/145405556#/?channel=RES_LET
667,https://www.rightmove.co.uk/properties/145405508#/?channel=RES_LET
668,https://www.rightmove.co.uk/properties/145405511#/?channel=RES_LET
669,https://www.rightmove.co.uk/properties/145405514#/?channel=RES_LET
670,https://www.rightmove.co.uk/properties/145405517#/?channel=RES_LET
671,https://www.rightmove.co.uk/properties/145405520#/?channel=RES_LET
672,https://www.rightmove.co.uk/properties/145405523#/?channel=RES_LET
673,https://www.rightmove.co.uk/properties/145405505#/?channel=RES_LET
674,https://www.rightmove.co.uk/properties/145405496#/?channel=RES_LET
675,https://www.rightmove.co.uk/properties/137449766#/?channel=RES_LET
676,https://www.rightmove.co.uk/properties/145405523#/?channel=RES_LET
677,https://www.rightmove.co.uk/properties/145405505#/?channel=RES_LET
678,https://www.rightmove.co.uk/properties/145405496#/?channel=RES_LET
679,https://www.rightmove.co.uk/properties/145405466#/?channel=RES_LET
680,https://www.rightmove.co.uk/properties/145405472#/?channel=RES_LET
681,https://www.rightmove.co.uk/properties/145405439#/?channel=RES_LET
682,https://www.rightmove.co.uk/properties/145405442#/?channel=RES_LET
683,https://www.rightmove.co.uk/properties/145405451#/?channel=RES_LET
684,https://www.rightmove.co.uk/properties/145405430#/?channel=RES_LET
685,https://www.rightmove.co.uk/properties/144738089#/?channel=RES_LET
686,https://www.rightmove.co.uk/properties/60503162#/?channel=RES_LET
687,https://www.rightmove.co.uk/properties/145405397#/?channel=RES_LET
688,https://www.rightmove.co.uk/properties/145405388#/?channel=RES_LET
689,https://www.rightmove.co.uk/properties/145405331#/?channel=RES_LET
690,https://www.rightmove.co.uk/properties/145405349#/?channel=RES_LET
691,https://www.rightmove.co.uk/properties/145405319#/?channel=RES_LET
692,https://www.rightmove.co.uk/properties/145405304#/?channel=RES_LET
693,https://www.rightmove.co.uk/properties/145405298#/?channel=RES_LET
694,https://www.rightmove.co.uk/properties/145405277#/?channel=RES_LET
695,https://www.rightmove.co.uk/properties/145405124#/?channel=RES_LET
696,https://www.rightmove.co.uk/properties/145405202#/?channel=RES_LET
697,https://www.rightmove.co.uk/properties/144527915#/?channel=RES_LET
698,https://www.rightmove.co.uk/properties/73994057#/?channel=RES_LET
699,https://www.rightmove.co.uk/properties/145354724#/?channel=RES_LET
700,https://www.rightmove.co.uk/properties/145375823#/?channel=RES_LET
701,https://www.rightmove.co.uk/properties/145354724#/?channel=RES_LET
702,https://www.rightmove.co.uk/properties/144849053#/?channel=RES_LET
703,https://www.rightmove.co.uk/properties/144810284#/?channel=RES_LET
704,https://www.rightmove.co.uk/properties/144233504#/?channel=RES_LET
705,https://www.rightmove.co.uk/properties/144978743#/?channel=RES_LET
706,https://www.rightmove.co.uk/properties/145405022#/?channel=RES_LET
707,https://www.rightmove.co.uk/properties/145404947#/?channel=RES_LET
708,https://www.rightmove.co.uk/properties/145404932#/?channel=RES_LET
709,https://www.rightmove.co.uk/properties/145404884#/?channel=RES_LET
710,https://www.rightmove.co.uk/properties/145404872#/?channel=RES_LET
711,https://www.rightmove.co.uk/properties/145404845#/?channel=RES_LET
712,https://www.rightmove.co.uk/properties/126979982#/?channel=RES_LET
713,https://www.rightmove.co.uk/properties/143708459#/?channel=RES_LET
714,https://www.rightmove.co.uk/properties/145407908#/?channel=RES_LET
715,https://www.rightmove.co.uk/properties/132355418#/?channel=RES_LET
716,https://www.rightmove.co.uk/properties/145404770#/?channel=RES_LET
717,https://www.rightmove.co.uk/properties/145404761#/?channel=RES_LET
718,https://www.rightmove.co.uk/properties/144824972#/?channel=RES_LET
719,https://www.rightmove.co.uk/properties/145404692#/?channel=RES_LET
720,https://www.rightmove.co.uk/properties/144390845#/?channel=RES_LET
721,https://www.rightmove.co.uk/properties/145404569#/?channel=RES_LET
722,https://www.rightmove.co.uk/properties/143897792#/?channel=RES_LET
723,https://www.rightmove.co.uk/properties/144664505#/?channel=RES_LET
724,https://www.rightmove.co.uk/properties/143477798#/?channel=RES_LET
725,https://www.rightmove.co.uk/properties/145369427#/?channel=RES_LET
726,https://www.rightmove.co.uk/properties/145404569#/?channel=RES_LET
727,https://www.rightmove.co.uk/properties/143897792#/?channel=RES_LET
728,https://www.rightmove.co.uk/properties/144664505#/?channel=RES_LET
729,https://www.rightmove.co.uk/properties/143477798#/?channel=RES_LET
730,https://www.rightmove.co.uk/properties/145404503#/?channel=RES_LET
731,https://www.rightmove.co.uk/properties/145404458#/?channel=RES_LET
732,https://www.rightmove.co.uk/properties/145404452#/?channel=RES_LET
733,https://www.rightmove.co.uk/properties/145404428#/?channel=RES_LET
734,https://www.rightmove.co.uk/properties/145404410#/?channel=RES_LET
735,https://www.rightmove.co.uk/properties/136168049#/?channel=RES_LET
736,https://www.rightmove.co.uk/properties/145404365#/?channel=RES_LET
737,https://www.rightmove.co.uk/properties/145404257#/?channel=RES_LET
738,https://www.rightmove.co.uk/properties/145404260#/?channel=RES_LET
739,https://www.rightmove.co.uk/properties/145404263#/?channel=RES_LET
740,https://www.rightmove.co.uk/properties/145404197#/?channel=RES_LET
741,https://www.rightmove.co.uk/properties/145404158#/?channel=RES_LET
742,https://www.rightmove.co.uk/properties/145404128#/?channel=RES_LET
743,https://www.rightmove.co.uk/properties/145404110#/?channel=RES_LET
744,https://www.rightmove.co.uk/properties/144493166#/?channel=RES_LET
745,https://www.rightmove.co.uk/properties/145404005#/?channel=RES_LET
746,https://www.rightmove.co.uk/properties/131025617#/?channel=RES_LET
747,https://www.rightmove.co.uk/properties/86769837#/?channel=RES_LET
748,https://www.rightmove.co.uk/properties/145403930#/?channel=RES_LET
749,https://www.rightmove.co.uk/properties/145403936#/?channel=RES_LET
750,https://www.rightmove.co.uk/properties/145292561#/?channel=RES_LET
751,https://www.rightmove.co.uk/properties/145403921#/?channel=RES_LET
752,https://www.rightmove.co.uk/properties/145403909#/?channel=RES_LET
753,https://www.rightmove.co.uk/properties/145403894#/?channel=RES_LET
754,https://www.rightmove.co.uk/properties/145403876#/?channel=RES_LET
755,https://www.rightmove.co.uk/properties/133315016#/?channel=RES_LET
756,https://www.rightmove.co.uk/properties/143703371#/?channel=RES_LET
757,https://www.rightmove.co.uk/properties/144430586#/?channel=RES_LET
758,https://www.rightmove.co.uk/properties/145403768#/?channel=RES_LET
759,https://www.rightmove.co.uk/properties/145403765#/?channel=RES_LET
760,https://www.rightmove.co.uk/properties/145403762#/?channel=RES_LET
761,https://www.rightmove.co.uk/properties/145333814#/?channel=RES_LET
762,https://www.rightmove.co.uk/properties/144550409#/?channel=RES_LET
763,https://www.rightmove.co.uk/properties/145403669#/?channel=RES_LET
764,https://www.rightmove.co.uk/properties/145403663#/?channel=RES_LET
765,https://www.rightmove.co.uk/properties/145403651#/?channel=RES_LET
766,https://www.rightmove.co.uk/properties/145403615#/?channel=RES_LET
767,https://www.rightmove.co.uk/properties/144528191#/?channel=RES_LET
768,https://www.rightmove.co.uk/properties/145403522#/?channel=RES_LET
769,https://www.rightmove.co.uk/properties/145403501#/?channel=RES_LET
770,https://www.rightmove.co.uk/properties/145403489#/?channel=RES_LET
771,https://www.rightmove.co.uk/properties/143299625#/?channel=RES_LET
772,https://www.rightmove.co.uk/properties/145403483#/?channel=RES_LET
773,https://www.rightmove.co.uk/properties/145403468#/?channel=RES_LET
774,https://www.rightmove.co.uk/properties/145403450#/?channel=RES_LET
775,https://www.rightmove.co.uk/properties/140203727#/?channel=RES_LET
776,https://www.rightmove.co.uk/properties/144488756#/?channel=RES_LET
777,https://www.rightmove.co.uk/properties/145403138#/?channel=RES_LET
778,https://www.rightmove.co.uk/properties/145403195#/?channel=RES_LET
779,https://www.rightmove.co.uk/properties/145403198#/?channel=RES_LET
780,https://www.rightmove.co.uk/properties/145403156#/?channel=RES_LET
781,https://www.rightmove.co.uk/properties/145402958#/?channel=RES_LET
782,https://www.rightmove.co.uk/properties/144867767#/?channel=RES_LET
783,https://www.rightmove.co.uk/properties/145403126#/?channel=RES_LET
784,https://www.rightmove.co.uk/properties/145403117#/?channel=RES_LET
785,https://www.rightmove.co.uk/properties/145403060#/?channel=RES_LET
786,https://www.rightmove.co.uk/properties/145404641#/?channel=RES_LET
787,https://www.rightmove.co.uk/properties/144396836#/?channel=RES_LET
788,https://www.rightmove.co.uk/properties/144673229#/?channel=RES_LET
789,https://www.rightmove.co.uk/properties/145403051#/?channel=RES_LET
790,https://www.rightmove.co.uk/properties/145403036#/?channel=RES_LET
791,https://www.rightmove.co.uk/properties/145403042#/?channel=RES_LET
792,https://www.rightmove.co.uk/properties/145402994#/?channel=RES_LET
793,https://www.rightmove.co.uk/properties/145403000#/?channel=RES_LET
794,https://www.rightmove.co.uk/properties/145402979#/?channel=RES_LET
795,https://www.rightmove.co.uk/properties/145402964#/?channel=RES_LET
796,https://www.rightmove.co.uk/properties/145402922#/?channel=RES_LET
797,https://www.rightmove.co.uk/properties/145402886#/?channel=RES_LET
798,https://www.rightmove.co.uk/properties/145402883#/?channel=RES_LET
799,https://www.rightmove.co.uk/properties/145402850#/?channel=RES_LET
800,https://www.rightmove.co.uk/properties/144675404#/?channel=RES_LET
801,https://www.rightmove.co.uk/properties/145402883#/?channel=RES_LET
802,https://www.rightmove.co.uk/properties/145402850#/?channel=RES_LET
803,https://www.rightmove.co.uk/properties/145402829#/?channel=RES_LET
804,https://www.rightmove.co.uk/properties/144931490#/?channel=RES_LET
805,https://www.rightmove.co.uk/properties/67617323#/?channel=RES_LET
806,https://www.rightmove.co.uk/properties/145402769#/?channel=RES_LET
807,https://www.rightmove.co.uk/properties/145402736#/?channel=RES_LET
808,https://www.rightmove.co.uk/properties/145402691#/?channel=RES_LET
809,https://www.rightmove.co.uk/properties/145402700#/?channel=RES_LET
810,https://www.rightmove.co.uk/properties/145402649#/?channel=RES_LET
811,https://www.rightmove.co.uk/properties/145402643#/?channel=RES_LET
812,https://www.rightmove.co.uk/properties/145402640#/?channel=RES_LET
813,https://www.rightmove.co.uk/properties/145402535#/?channel=RES_LET
814,https://www.rightmove.co.uk/properties/145402526#/?channel=RES_LET
815,https://www.rightmove.co.uk/properties/145402523#/?channel=RES_LET
816,https://www.rightmove.co.uk/properties/145402508#/?channel=RES_LET
817,https://www.rightmove.co.uk/properties/138392822#/?channel=RES_LET
818,https://www.rightmove.co.uk/properties/145402469#/?channel=RES_LET
819,https://www.rightmove.co.uk/properties/145402376#/?channel=RES_LET
820,https://www.rightmove.co.uk/properties/145402385#/?channel=RES_LET
821,https://www.rightmove.co.uk/properties/145402361#/?channel=RES_LET
822,https://www.rightmove.co.uk/properties/145402316#/?channel=RES_LET
823,https://www.rightmove.co.uk/properties/145402256#/?channel=RES_LET
824,https://www.rightmove.co.uk/properties/145402265#/?channel=RES_LET
825,https://www.rightmove.co.uk/properties/144319547#/?channel=RES_LET
826,https://www.rightmove.co.uk/properties/145402265#/?channel=RES_LET
827,https://www.rightmove.co.uk/properties/36770242#/?channel=RES_LET
828,https://www.rightmove.co.uk/properties/145402238#/?channel=RES_LET
829,https://www.rightmove.co.uk/properties/145402199#/?channel=RES_LET
830,https://www.rightmove.co.uk/properties/145402124#/?channel=RES_LET
831,https://www.rightmove.co.uk/properties/145099649#/?channel=RES_LET
832,https://www.rightmove.co.uk/properties/145402076#/?channel=RES_LET
833,https://www.rightmove.co.uk/properties/145402031#/?channel=RES_LET
834,https://www.rightmove.co.uk/properties/59595941#/?channel=RES_LET
835,https://www.rightmove.co.uk/properties/145402013#/?channel=RES_LET
836,https://www.rightmove.co.uk/properties/145025183#/?channel=RES_LET
837,https://www.rightmove.co.uk/properties/144544556#/?channel=RES_LET
838,https://www.rightmove.co.uk/properties/145212125#/?channel=RES_LET
839,https://www.rightmove.co.uk/properties/145401911#/?channel=RES_LET
840,https://www.rightmove.co.uk/properties/145004207#/?channel=RES_LET
841,https://www.rightmove.co.uk/properties/144017999#/?channel=RES_LET
842,https://www.rightmove.co.uk/properties/145401794#/?channel=RES_LET
843,https://www.rightmove.co.uk/properties/145401728#/?channel=RES_LET
844,https://www.rightmove.co.uk/properties/145401707#/?channel=RES_LET
845,https://www.rightmove.co.uk/properties/145401692#/?channel=RES_LET
846,https://www.rightmove.co.uk/properties/145262342#/?channel=RES_LET
847,https://www.rightmove.co.uk/properties/145401647#/?channel=RES_LET
848,https://www.rightmove.co.uk/properties/145401656#/?channel=RES_LET
849,https://www.rightmove.co.uk/properties/145401590#/?channel=RES_LET
850,https://www.rightmove.co.uk/properties/144791690#/?channel=RES_LET
851,https://www.rightmove.co.uk/properties/62944442#/?channel=RES_LET
852,https://www.rightmove.co.uk/properties/144527114#/?channel=RES_LET
853,https://www.rightmove.co.uk/properties/145401548#/?channel=RES_LET
854,https://www.rightmove.co.uk/properties/145401488#/?channel=RES_LET
855,https://www.rightmove.co.uk/properties/144097355#/?channel=RES_LET
856,https://www.rightmove.co.uk/properties/144712304#/?channel=RES_LET
857,https://www.rightmove.co.uk/properties/145401389#/?channel=RES_LET
858,https://www.rightmove.co.uk/properties/145401347#/?channel=RES_LET
859,https://www.rightmove.co.uk/properties/144109097#/?channel=RES_LET
860,https://www.rightmove.co.uk/properties/145155878#/?channel=RES_LET
861,https://www.rightmove.co.uk/properties/145401299#/?channel=RES_LET
862,https://www.rightmove.co.uk/properties/145100219#/?channel=RES_LET
863,https://www.rightmove.co.uk/properties/145401215#/?channel=RES_LET
864,https://www.rightmove.co.uk/properties/145401197#/?channel=RES_LET
865,https://www.rightmove.co.uk/properties/145401152#/?channel=RES_LET
866,https://www.rightmove.co.uk/properties/141992258#/?channel=RES_LET
867,https://www.rightmove.co.uk/properties/145401110#/?channel=RES_LET
868,https://www.rightmove.co.uk/properties/145218656#/?channel=RES_LET
869,https://www.rightmove.co.uk/properties/144887036#/?channel=RES_LET
870,https://www.rightmove.co.uk/properties/133987220#/?channel=RES_LET
871,https://www.rightmove.co.uk/properties/145401020#/?channel=RES_LET
872,https://www.rightmove.co.uk/properties/145401014#/?channel=RES_LET
873,https://www.rightmove.co.uk/properties/145400966#/?channel=RES_LET
874,https://www.rightmove.co.uk/properties/141303764#/?channel=RES_LET
875,https://www.rightmove.co.uk/properties/145368551#/?channel=RES_LET
876,https://www.rightmove.co.uk/properties/144930926#/?channel=RES_LET
877,https://www.rightmove.co.uk/properties/136912115#/?channel=RES_LET
878,https://www.rightmove.co.uk/properties/144661637#/?channel=RES_LET
879,https://www.rightmove.co.uk/properties/145400549#/?channel=RES_LET
880,https://www.rightmove.co.uk/properties/145400768#/?channel=RES_LET
881,https://www.rightmove.co.uk/properties/127940582#/?channel=RES_LET
882,https://www.rightmove.co.uk/properties/145400762#/?channel=RES_LET
883,https://www.rightmove.co.uk/properties/145400744#/?channel=RES_LET
884,https://www.rightmove.co.uk/properties/144733067#/?channel=RES_LET
885,https://www.rightmove.co.uk/properties/145118957#/?channel=RES_LET
886,https://www.rightmove.co.uk/properties/145400447#/?channel=RES_LET
887,https://www.rightmove.co.uk/properties/145156118#/?channel=RES_LET
888,https://www.rightmove.co.uk/properties/145400519#/?channel=RES_LET
889,https://www.rightmove.co.uk/properties/145400483#/?channel=RES_LET
890,https://www.rightmove.co.uk/properties/145400495#/?channel=RES_LET
891,https://www.rightmove.co.uk/properties/145400468#/?channel=RES_LET
892,https://www.rightmove.co.uk/properties/145400114#/?channel=RES_LET
893,https://www.rightmove.co.uk/properties/145400441#/?channel=RES_LET
894,https://www.rightmove.co.uk/properties/145400294#/?channel=RES_LET
895,https://www.rightmove.co.uk/properties/145400378#/?channel=RES_LET
896,https://www.rightmove.co.uk/properties/145400303#/?channel=RES_LET
897,https://www.rightmove.co.uk/properties/145398854#/?channel=RES_LET
898,https://www.rightmove.co.uk/properties/145400237#/?channel=RES_LET
899,https://www.rightmove.co.uk/properties/145400225#/?channel=RES_LET
900,https://www.rightmove.co.uk/properties/144261758#/?channel=RES_LET
901,https://www.rightmove.co.uk/properties/145400210#/?channel=RES_LET
902,https://www.rightmove.co.uk/properties/145400183#/?channel=RES_LET
903,https://www.rightmove.co.uk/properties/145400186#/?channel=RES_LET
904,https://www.rightmove.co.uk/properties/145400090#/?channel=RES_LET
905,https://www.rightmove.co.uk/properties/145051451#/?channel=RES_LET
906,https://www.rightmove.co.uk/properties/145400009#/?channel=RES_LET
907,https://www.rightmove.co.uk/properties/145399979#/?channel=RES_LET
908,https://www.rightmove.co.uk/properties/145399985#/?channel=RES_LET
909,https://www.rightmove.co.uk/properties/145399967#/?channel=RES_LET
910,https://www.rightmove.co.uk/properties/145399946#/?channel=RES_LET
911,https://www.rightmove.co.uk/properties/145399907#/?channel=RES_LET
912,https://www.rightmove.co.uk/properties/145399862#/?channel=RES_LET
913,https://www.rightmove.co.uk/properties/125124809#/?channel=RES_LET
914,https://www.rightmove.co.uk/properties/144911576#/?channel=RES_LET
915,https://www.rightmove.co.uk/properties/145399754#/?channel=RES_LET
916,https://www.rightmove.co.uk/properties/145399727#/?channel=RES_LET
917,https://www.rightmove.co.uk/properties/145399718#/?channel=RES_LET
918,https://www.rightmove.co.uk/properties/145399730#/?channel=RES_LET
919,https://www.rightmove.co.uk/properties/145399712#/?channel=RES_LET
920,https://www.rightmove.co.uk/properties/145399709#/?channel=RES_LET
921,https://www.rightmove.co.uk/properties/145399703#/?channel=RES_LET
922,https://www.rightmove.co.uk/properties/145399691#/?channel=RES_LET
923,https://www.rightmove.co.uk/properties/145399688#/?channel=RES_LET
924,https://www.rightmove.co.uk/properties/145399661#/?channel=RES_LET
925,https://www.rightmove.co.uk/properties/144002792#/?channel=RES_LET
926,https://www.rightmove.co.uk/properties/145399661#/?channel=RES_LET
927,https://www.rightmove.co.uk/properties/145399643#/?channel=RES_LET
928,https://www.rightmove.co.uk/properties/145399622#/?channel=RES_LET
929,https://www.rightmove.co.uk/properties/145399610#/?channel=RES_LET
930,https://www.rightmove.co.uk/properties/145399604#/?channel=RES_LET
931,https://www.rightmove.co.uk/properties/145399589#/?channel=RES_LET
932,https://www.rightmove.co.uk/properties/145399583#/?channel=RES_LET
933,https://www.rightmove.co.uk/properties/145399577#/?channel=RES_LET
934,https://www.rightmove.co.uk/properties/145399571#/?channel=RES_LET
935,https://www.rightmove.co.uk/properties/145399568#/?channel=RES_LET
936,https://www.rightmove.co.uk/properties/145399544#/?channel=RES_LET
937,https://www.rightmove.co.uk/properties/145399541#/?channel=RES_LET
938,https://www.rightmove.co.uk/properties/145399508#/?channel=RES_LET
939,https://www.rightmove.co.uk/properties/144997823#/?channel=RES_LET
940,https://www.rightmove.co.uk/properties/145399484#/?channel=RES_LET
941,https://www.rightmove.co.uk/properties/145399457#/?channel=RES_LET
942,https://www.rightmove.co.uk/properties/145399460#/?channel=RES_LET
943,https://www.rightmove.co.uk/properties/145399424#/?channel=RES_LET
944,https://www.rightmove.co.uk/properties/145399370#/?channel=RES_LET
945,https://www.rightmove.co.uk/properties/145399379#/?channel=RES_LET
946,https://www.rightmove.co.uk/properties/145399343#/?channel=RES_LET
947,https://www.rightmove.co.uk/properties/145399361#/?channel=RES_LET
948,https://www.rightmove.co.uk/properties/145399325#/?channel=RES_LET
949,https://www.rightmove.co.uk/properties/145399319#/?channel=RES_LET
950,https://www.rightmove.co.uk/properties/144199715#/?channel=RES_LET
951,https://www.rightmove.co.uk/properties/145079135#/?channel=RES_LET
952,https://www.rightmove.co.uk/properties/145399274#/?channel=RES_LET
953,https://www.rightmove.co.uk/properties/145399253#/?channel=RES_LET
954,https://www.rightmove.co.uk/properties/145399250#/?channel=RES_LET
955,https://www.rightmove.co.uk/properties/145399223#/?channel=RES_LET
956,https://www.rightmove.co.uk/properties/144980111#/?channel=RES_LET
957,https://www.rightmove.co.uk/properties/100962740#/?channel=RES_LET
958,https://www.rightmove.co.uk/properties/145399175#/?channel=RES_LET
959,https://www.rightmove.co.uk/properties/145399106#/?channel=RES_LET
960,https://www.rightmove.co.uk/properties/143305193#/?channel=RES_LET
961,https://www.rightmove.co.uk/properties/142498484#/?channel=RES_LET
962,https://www.rightmove.co.uk/properties/142498589#/?channel=RES_LET
963,https://www.rightmove.co.uk/properties/145399085#/?channel=RES_LET
964,https://www.rightmove.co.uk/properties/145399082#/?channel=RES_LET
965,https://www.rightmove.co.uk/properties/145399070#/?channel=RES_LET
966,https://www.rightmove.co.uk/properties/145399052#/?channel=RES_LET
967,https://www.rightmove.co.uk/properties/141584903#/?channel=RES_LET
968,https://www.rightmove.co.uk/properties/145398995#/?channel=RES_LET
969,https://www.rightmove.co.uk/properties/144983123#/?channel=RES_LET
970,https://www.rightmove.co.uk/properties/145398908#/?channel=RES_LET
971,https://www.rightmove.co.uk/properties/145398881#/?channel=RES_LET
972,https://www.rightmove.co.uk/properties/145398875#/?channel=RES_LET
973,https://www.rightmove.co.uk/properties/145398845#/?channel=RES_LET
974,https://www.rightmove.co.uk/properties/145398842#/?channel=RES_LET
975,https://www.rightmove.co.uk/properties/145222319#/?channel=RES_LET
976,https://www.rightmove.co.uk/properties/145398845#/?channel=RES_LET
977,https://www.rightmove.co.uk/properties/145398842#/?channel=RES_LET
978,https://www.rightmove.co.uk/properties/145398827#/?channel=RES_LET
979,https://www.rightmove.co.uk/properties/143225366#/?channel=RES_LET
980,https://www.rightmove.co.uk/properties/145398500#/?channel=RES_LET
981,https://www.rightmove.co.uk/properties/145398758#/?channel=RES_LET
982,https://www.rightmove.co.uk/properties/145398728#/?channel=RES_LET
983,https://www.rightmove.co.uk/properties/145398704#/?channel=RES_LET
984,https://www.rightmove.co.uk/properties/145398689#/?channel=RES_LET
985,https://www.rightmove.co.uk/properties/143921168#/?channel=RES_LET
986,https://www.rightmove.co.uk/properties/145298849#/?channel=RES_LET
987,https://www.rightmove.co.uk/properties/145281476#/?channel=RES_LET
988,https://www.rightmove.co.uk/properties/144903557#/?channel=RES_LET
989,https://www.rightmove.co.uk/properties/145252109#/?channel=RES_LET
990,https://www.rightmove.co.uk/properties/145398677#/?channel=RES_LET
991,https://www.rightmove.co.uk/properties/145398680#/?channel=RES_LET
992,https://www.rightmove.co.uk/properties/145398659#/?channel=RES_LET
993,https://www.rightmove.co.uk/properties/143400869#/?channel=RES_LET
994,https://www.rightmove.co.uk/properties/144866399#/?channel=RES_LET
995,https://www.rightmove.co.uk/properties/144606083#/?channel=RES_LET
996,https://www.rightmove.co.uk/properties/144556133#/?channel=RES_LET
997,https://www.rightmove.co.uk/properties/145398509#/?channel=RES_LET
998,https://www.rightmove.co.uk/properties/145398497#/?channel=RES_LET
999,https://www.rightmove.co.uk/properties/145398491#/?channel=RES_LET
1000,https://www.rightmove.co.uk/properties/145368464#/?channel=RES_LET
1001,https://www.rightmove.co.uk/properties/145398488#/?channel=RES_LET
1002,https://www.rightmove.co.uk/properties/145398320#/?channel=RES_LET
1003,https://www.rightmove.co.uk/properties/145044545#/?channel=RES_LET
1004,https://www.rightmove.co.uk/properties/143361818#/?channel=RES_LET
1005,https://www.rightmove.co.uk/properties/144346493#/?channel=RES_LET
1006,https://www.rightmove.co.uk/properties/145398119#/?channel=RES_LET
1007,https://www.rightmove.co.uk/properties/144121376#/?channel=RES_LET
1008,https://www.rightmove.co.uk/properties/144695288#/?channel=RES_LET
1009,https://www.rightmove.co.uk/properties/145398206#/?channel=RES_LET
1010,https://www.rightmove.co.uk/properties/145398140#/?channel=RES_LET
1011,https://www.rightmove.co.uk/properties/145393277#/?channel=RES_LET
1012,https://www.rightmove.co.uk/properties/142732712#/?channel=RES_LET
1013,https://www.rightmove.co.uk/properties/145398086#/?channel=RES_LET
1014,https://www.rightmove.co.uk/properties/145397969#/?channel=RES_LET
1015,https://www.rightmove.co.uk/properties/102069848#/?channel=RES_LET
1016,https://www.rightmove.co.uk/properties/144977918#/?channel=RES_LET
1017,https://www.rightmove.co.uk/properties/145398023#/?channel=RES_LET
1018,https://www.rightmove.co.uk/properties/145398002#/?channel=RES_LET
1019,https://www.rightmove.co.uk/properties/145291760#/?channel=RES_LET
1020,https://www.rightmove.co.uk/properties/145291547#/?channel=RES_LET
1021,https://www.rightmove.co.uk/properties/145397993#/?channel=RES_LET
1022,https://www.rightmove.co.uk/properties/145397933#/?channel=RES_LET
1023,https://www.rightmove.co.uk/properties/145397939#/?channel=RES_LET
1024,https://www.rightmove.co.uk/properties/144461615#/?channel=RES_LET
1025,https://www.rightmove.co.uk/properties/145326413#/?channel=RES_LET
1026,https://www.rightmove.co.uk/properties/145397924#/?channel=RES_LET
1027,https://www.rightmove.co.uk/properties/145397909#/?channel=RES_LET
1028,https://www.rightmove.co.uk/properties/145244030#/?channel=RES_LET
1029,https://www.rightmove.co.uk/properties/145243766#/?channel=RES_LET
1030,https://www.rightmove.co.uk/properties/145397900#/?channel=RES_LET
1031,https://www.rightmove.co.uk/properties/145192337#/?channel=RES_LET
1032,https://www.rightmove.co.uk/properties/145190459#/?channel=RES_LET
1033,https://www.rightmove.co.uk/properties/145397720#/?channel=RES_LET
1034,https://www.rightmove.co.uk/properties/86959159#/?channel=RES_LET
1035,https://www.rightmove.co.uk/properties/142498613#/?channel=RES_LET
1036,https://www.rightmove.co.uk/properties/144515228#/?channel=RES_LET
1037,https://www.rightmove.co.uk/properties/144278084#/?channel=RES_LET
1038,https://www.rightmove.co.uk/properties/124768592#/?channel=RES_LET
1039,https://www.rightmove.co.uk/properties/145397645#/?channel=RES_LET
1040,https://www.rightmove.co.uk/properties/145397633#/?channel=RES_LET
1041,https://www.rightmove.co.uk/properties/145397447#/?channel=RES_LET
1042,https://www.rightmove.co.uk/properties/145397411#/?channel=RES_LET
1043,https://www.rightmove.co.uk/properties/126427739#/?channel=RES_LET
1044,https://www.rightmove.co.uk/properties/145169096#/?channel=RES_LET
1045,https://www.rightmove.co.uk/properties/145396751#/?channel=RES_LET
1046,https://www.rightmove.co.uk/properties/145397363#/?channel=RES_LET
1047,https://www.rightmove.co.uk/properties/145397345#/?channel=RES_LET
1048,https://www.rightmove.co.uk/properties/145397333#/?channel=RES_LET
1049,https://www.rightmove.co.uk/properties/144856517#/?channel=RES_LET
